time,opening_price,closing_price,high,low,volume,opening_price_log_return,closing_price_log_return,high_log_return,low_log_return
1700323200000,36677.72709835802,36850.39716075366,36672.99981703349,36696.92057099019,397990647.50405216,,,,
1700326800000,36690.773653919714,36699.660881386495,36626.33554789703,36643.310530719275,231057522.90705785,0.00035564460403134817,-0.004098881616706878,-0.0012732523482883473,-0.001461954755637796
1700330400000,36644.522628750965,36762.43771251937,36632.947328286136,36734.67660103931,169139339.22913462,-0.0012613579993645094,0.001709094828909189,0.00018050355251857632,0.0024902868314829055
1700334000000,36736.019297393796,36790.94923422789,36679.06596894899,36699.08864965725,159005126.24274907,0.00249375961687006,0.0007752606459082082,0.001258147053183177,-0.0009692531506906701
1700337600000,36698.782074280134,36728.95031500746,36569.6519308199,36618.564706470584,188441136.85860017,-0.0010141574732879751,-0.0016865891900645813,-0.0029874685221166985,-0.0021965780921156417
1700341200000,36618.66665381863,36632.128159517524,36556.95845627569,36569.05686246004,138361212.07847932,-0.0021854402666285767,-0.002639607097409873,-0.00034716431144560565,-0.0013529023214747535
1700344800000,36568.21523216664,36600.65129426305,36469.02688482447,36527.614231443884,132590189.4258096,-0.0013787014378386373,-0.0008596387417667853,-0.0024082280721732397,-0.0011339130725489528
1700348400000,36527.81432779235,36592.8999186682,36524.51197384829,36592.8999186682,130018903.06866284,-0.001105420054454627,-0.00021180487885549912,0.0015202742757229183,0.0017857014637092524
1700352000000,36593.25867533923,36599.52091556266,36486.541529344206,36490.78469709338,142275776.77694353,0.0017900274800069199,0.0001809202875667818,-0.0010401287505233663,-0.0027944756360864568
1700355600000,36488.916723427006,36517.76914927734,36432.602996953836,36504.67817755815,170841603.9859562,-0.002855471179963282,-0.002236182448215543,-0.0014794068849397412,0.00038066696436727505
1700359200000,36511.568483346564,36518.34179220299,36427.268824067345,36475.62744953624,123580850.7300452,0.000620592057227865,1.5681090306741243e-05,-0.00014642279111122563,-0.0007961251821757939
1700362800000,36474.55862275206,36543.8090474383,36448.14844911303,36540.78745376936,134781606.85662955,-0.0010141616012266906,0.0006971395168103156,0.0005730224648660673,0.0017848047351222563
1700366400000,36542.92988819744,36558.2458759049,36499.1419157755,36555.17354295536,89192150.96749601,0.001872737253006198,0.0003949773688147816,0.0013980909973112187,0.00039362200525399753
1700370000000,36558.62615879884,36572.631590184894,36526.028757202446,36535.67261289817,90293320.09718347,0.00042943739344010674,0.0003934238166968058,0.0007363719220126211,-0.0005336080110040009
1700373600000,36536.48862530201,36657.274447119235,36521.49116481586,36622.92730358047,204451132.68825248,-0.0006057185692660142,0.002311702942382391,-0.00012423672692155215,0.002385358171279762
1700377200000,36620.1344293421,36676.33711004822,36604.35043531361,36630.59245230788,151232342.08453083,0.002286760569256463,0.0005198888464258598,0.002266211345987154,0.00020927728199077107
1700380800000,36633.49648245699,36715.37789671193,36624.48183589631,36653.66188381265,148341286.73892415,0.00036481613530321965,0.0010639018407621703,0.0005498217154491954,0.000629587691811292
1700384400000,36640.02541340501,36683.767219273854,36611.60876607918,36654.21354729568,108655033.17735139,0.00017820710118403505,-0.0008613364458796746,-0.00035154989415449273,1.5050592580665052e-05
1700388000000,36654.74961314009,36660.136591169576,36561.30771602925,36561.508076124934,114826841.2007231,0.00040178034321872765,-0.0006443788152596007,-0.0013748545333869533,-0.0025323938263166514
1700391600000,36562.465649813814,36562.465649813814,36418.10975460665,36473.50896112696,232797447.0799279,-0.0025208282468439525,-0.002667782796406138,-0.003924343333009006,-0.0024097798878478798
1700395200000,36475.62985501047,36511.99393781827,36420.98897308665,36508.29149168405,161494777.85741347,-0.0023778231104628783,-0.0013813778522954658,7.90569496818815e-05,0.0009531837519707022
1700398800000,36507.20824881107,36543.60775734371,36477.66656840622,36501.20089094462,118093221.66463368,0.0008653649704967649,0.0008654728936652439,0.0015549698775312777,-0.0001942377773170672
1700402400000,36502.389777499484,36505.292675597775,36417.050885846846,36476.36446122134,177464474.1583047,-0.00013199555808657645,-0.0010490256535695519,-0.001663102585420526,-0.0006806593385876706
1700406000000,36469.74703757414,36587.19248855267,36437.899216139704,36586.556309486645,206978202.040852,-0.0008946631831653715,0.0022409922729087167,0.0005723243467397245,0.003016357152177379
1700409600000,36576.92351872997,36642.36060270028,36543.62055168597,36574.06074147685,184661916.24240422,0.002934467984606621,0.001506717500125808,0.002897210412530287,-0.00034159274853005813
1700413200000,36573.71862030168,36623.853353054095,36557.689638559845,36620.58939669695,121637597.03573321,-8.762461508532379e-05,-0.0005052055795049342,0.00038492024317955524,0.0012713678226369016
1700416800000,36613.97586449642,36905.30899309423,36613.97586449642,36865.211362425245,459869737.1599915,0.0011001097531001304,0.0076556567683576295,0.0015384708452803268,0.0066576907856996026
1700420400000,36848.631398003345,36990.92568530697,36802.652293161875,36975.855020982,330889443.0806308,0.006388456394930512,0.002317214967586217,0.005139894020719253,0.0029968077868346003
1700424000000,36977.88862164117,37039.87425470948,36834.166701863025,36937.45240693931,349177146.11128783,0.0035016510510858714,0.0013223841043241468,0.0008559416622092996,-0.001039125939146523
1700427600000,36937.73207268515,37071.84780420503,36871.548375285754,37009.54749700628,294175094.38689303,-0.001086551192549712,0.0008628473496766583,0.0010143494731388494,0.001949913127069826
1700431200000,37012.638322930165,37039.24209496638,36942.49946596196,36993.072400766956,171281843.45670092,0.0020258526215005635,-0.0008799145009674455,0.0019224284428932706,-0.00044525711479596013
1700434800000,37000.40240593963,37518.600342493846,37000.40240593963,37390.55787510801,885730251.3454957,-0.0003306421944432594,0.012858871367996691,0.001566153081563107,0.010687546611528945
1700438400000,37385.79733220625,37395.32380274958,37177.60584582178,37313.24124009745,372508974.8610054,0.010362093399956631,-0.0032911545463766207,0.004777798195149137,-0.00206995262711861
1700442000000,37313.402129750044,37366.250858343396,37256.95298138779,37308.28179230131,230103525.2372868,-0.0019383132789571856,-0.0007777510306194144,0.0021319980093029794,-0.00013292271725104388
1700445600000,37310.06892383786,37332.906502621365,37225.09197694787,37321.58598858014,190364306.20726225,-8.933398211956991e-05,-0.0008927639645410946,-0.0008555352206321173,0.00035653812114004477
1700449200000,37322.80253950273,37333.93443186362,37087.7855047677,37129.15831102882,295085956.41175896,0.00034123344147836046,2.7533754728563322e-05,-0.0036953656777875656,-0.0051692728623693365
1700452800000,37130.97460203708,37232.53342295559,37105.6733554363,37226.63037169455,155548146.5724566,-0.005152951785552846,-0.002719749891092008,0.0004821948266058883,0.0026217761448143156
1700456400000,37233.43505262544,37233.43505262544,37071.9480787127,37154.51071961677,186971452.69302806,0.002755633128815338,2.4215885144774677e-05,-0.0009093114175234956,-0.001939192478629597
1700460000000,37157.17112656246,37218.334644366994,37092.50672799151,37198.09962627838,155052177.25175768,-0.0020503651387664655,-0.00040564270068963864,0.0005544070905389528,0.0011724917646452305
1700463600000,37207.331547499794,37266.49954089655,37120.91502861922,37262.32485850914,205877512.9903361,0.0013490422645462935,0.0012932808072860017,0.0007655839427115073,0.001725084126300848
1700467200000,37266.568126206854,37266.568126206854,37085.620813094596,37135.26509662592,274220419.4317044,0.0015908013803182578,1.8403995019047305e-06,-0.0009512428463520172,-0.0034156989626591278
1700470800000,37134.80245473111,37223.23114262287,37094.27828930588,37218.46850087915,283640420.3326416,-0.003542026395679061,-0.0011635684053073474,0.0002334183884138846,0.0022380433357386993
1700474400000,37216.187010429094,37343.212461695184,37168.3221418746,37307.253444465816,278004983.4873518,0.002189199869081104,0.0032181076854091825,0.001994109462230442,0.002382666904057677
1700478000000,37306.678955580144,37413.828109236754,37143.16624295478,37178.346112653126,414410368.9139719,0.002428569767264353,0.0018892044951240349,-0.0006770393226541081,-0.0034612720116627637
1700481600000,37178.60138357457,37178.60138357457,37108.48627864916,37158.69871141927,249823847.14527142,-0.00343900694609798,-0.006307007480657499,-0.0009341197306628173,-0.000528603248564647
1700485200000,37159.12644223829,37251.660673339604,37091.72181704965,37122.9924921144,341287846.1692544,-0.0005239584892198055,0.0019631615208716277,-0.0004518710207158802,-0.0009613734279991977
1700488800000,37121.71871587577,37475.475037510514,36906.2595813784,37459.3064272108,798427584.0223752,-0.0010071971972109549,0.005990194359563978,-0.005012640088333587,0.009018660446484075
1700492400000,37444.093528136975,37490.479430330095,37279.370987112336,37490.479430330095,613652580.4726353,0.008646772860954059,0.0004002988590341744,0.010058944000169025,0.0008318370642464308
1700496000000,37487.20454176305,37649.05005467869,37252.49842228708,37252.49842228708,683883323.9653078,0.001150681210478616,0.004220704091121296,-0.0007211026961393349,-0.006368004569436005
1700499600000,37258.036612253796,37757.182566291376,36940.84907452348,37598.33514645572,1188601077.8164597,-0.006131992995290704,0.002868001277186666,-0.008401054575227239,0.009240757080143405
1700503200000,37603.512070739955,37666.52627677957,37372.90945155479,37550.1457796269,659999621.9930372,0.009229782635180551,-0.002403921381213306,0.011628135999519304,-0.0012825109128024106
1700506800000,37547.72614603706,37742.02029290441,37504.46477017923,37607.74337984709,430454572.35786945,-0.001484631159066118,0.002002267508944548,0.003513890687432099,0.0015327096633502599
1700510400000,37599.05896407498,37616.06349562068,37449.305593324716,37583.55371434747,330060678.1659253,0.0013662015200550327,-0.0033428905897761076,-0.0014718188703353524,-0.0006434166524306132
1700514000000,37574.01405888267,37595.99065682984,37326.54656766733,37436.28701488122,344339206.04532653,-0.000666326521234753,-0.0005337665482909439,-0.003283389821575861,-0.0039260784133876535
1700517600000,37436.4294158367,37586.44360055093,37387.16547544061,37457.51481153519,298867538.552316,-0.0036684171154188223,-0.00025397039679623845,0.0016226986832048086,0.0005668772770177269
1700521200000,37454.57920519684,37617.817666588206,37453.3045361955,37476.82325363374,295809400.048373,0.00048469876557046806,0.0008343694181365445,0.001767468268504893,0.0005153429795850436
1700524800000,37473.88895050414,37541.627440947006,37326.60844002933,37420.06381288766,288992958.1701965,0.0005154181370598325,-0.002027429862749359,-0.0033885093563408896,-0.001515669177587184
1700528400000,37418.302005878766,37647.30503044902,37376.82760600988,37646.11271801708,260545667.61161146,-0.0014844526277875323,0.002810989745809521,0.0013444943419885906,0.006022674894544011
1700532000000,37638.965804268875,37653.31014856663,37458.95061849579,37473.66142965949,274936604.0636822,0.00587989519420748,0.00015949718647225995,0.002194753563053778,-0.0045913767250825455
1700535600000,37472.9662748733,37578.75078135746,37472.50854325241,37491.97449015349,262149469.56234416,-0.00442006469707786,-0.0019821174828451257,0.00036187537400822836,0.0004885721473200508
1700539200000,37494.263122209595,37503.405024871194,37411.68956565605,37413.68843825817,171664912.793108,0.000568164198689877,-0.0020070223335794265,-0.001624347793121929,-0.0020902579948846745
1700542800000,37414.331373515626,37415.7282025922,37350.37151248837,37357.96402310631,221282844.26457512,-0.0021341150389787094,-0.0023405733229542704,-0.001640352500526197,-0.0014905227752555095
1700546400000,37368.10999291053,37423.39047217738,37354.352429711435,37389.5191445589,185450364.40782326,-0.0012361561255923852,0.00020476643091550534,0.00010657738940086357,0.0008443126641830232
1700550000000,37388.46110997152,37390.61113414964,37266.45714864099,37285.681501936364,257523418.27709758,0.0005444636441583388,-0.000876288914414122,-0.0023557857980008707,-0.00278104936174146
1700553600000,37284.77866822939,37433.095200528915,37284.77866822939,37426.33207160831,190352949.83609277,-0.002776965581762456,0.0011355778275575319,0.0004915148556962634,0.0037651437594374564
1700557200000,37427.46715010369,37427.46715010369,37328.257105718556,37329.225803922454,167777015.07602692,0.0038196858840684298,-0.0001503608912119002,0.0011654382363449729,-0.0025979693032407
1700560800000,37327.83872203308,37426.14120905201,37323.22446070675,37363.61255817704,185792934.05216792,-0.0026654559403844866,-3.542757873344862e-05,-0.00013483041230614984,0.0009207511038008363
1700564400000,37364.74308351893,37370.82110469751,37172.09530471959,37183.84147587879,307566789.9193819,0.0009881667923847704,-0.0014792075167277081,-0.004057419010890201,-0.004823006582978102
1700568000000,37181.8137164891,37238.81856004659,37141.90105790192,37190.68326126095,296951100.93515563,-0.004907798349360586,-0.0035384886718826626,-0.0008126126963180758,0.00018398195956581502
1700571600000,37190.5011437014,37211.773949112605,37017.93956585294,37017.93956585294,368526049.900996,0.0002336199234391181,-0.0007265116693385979,-0.0033430926080359785,-0.0046556316730818606
1700575200000,37023.46752861577,37023.46752861577,36519.68767618106,36625.34249190481,1009248806.868411,-0.004501413955354953,-0.00507324609259359,-0.013551144712745324,-0.01066222966377005
1700578800000,36622.797296870005,37191.96120643313,36292.19539815452,36994.12595722979,1857751043.0188985,-0.010881045654440896,0.004540672207523175,-0.006248788210612073,0.01001872351982961
1700582400000,36990.8679963574,37254.98482447053,36825.27747555757,37192.79576874803,873711692.8456964,0.010000147808498132,0.0016931153379140871,0.014581781949380528,0.005355938265594849
1700586000000,37187.01671599293,37489.85251340689,36799.03289429294,36932.91176491735,1129623129.6575303,0.005288616076802363,0.0062845400516726175,-0.0007129325149371253,-0.007012009121101688
1700589600000,36927.562718316076,36996.096165694915,36740.44015954132,36901.12493018885,626549319.6768702,-0.007001458000162921,-0.013257898672710771,-0.0015935046776097011,-0.0008610347778655068
1700593200000,36897.58227617497,37105.58828760348,36797.18034987262,36987.78412837453,480150134.17152005,-0.0008122014197585876,0.002955187925901682,0.00154316120641617,0.0023456629424911464
1700596800000,36990.46636358959,37181.500556606064,36859.41713664746,36956.90586432695,576146321.7397306,0.002514185664725229,0.0020437547521926567,0.0016899179085122676,-0.0008351719601625104
1700600400000,36958.16198193215,37037.796838200025,36764.00290931085,36844.36219354934,397624060.9246094,-0.0008736979829147897,-0.003872413321789994,-0.0025919545898553027,-0.0030499139372295553
1700604000000,36841.371570183335,36892.484191959236,36344.5488423511,36394.34275784507,645849098.8066763,-0.0031650744557591955,-0.0039310775326908635,-0.01147495496818851,-0.012289269716440744
1700607600000,36394.189283053995,36394.189283053995,35777.31991706305,35786.9047685524,1248380533.5206256,-0.012212314336347256,-0.013598723047370642,-0.015730058885313345,-0.016831305921662557
1700611200000,35759.02881660123,36144.9848252607,35723.53713100943,36109.74771747821,820504169.2420846,-0.01760633525465569,-0.006870920196108721,-0.0015043958469175638,0.00898081086300428
1700614800000,36113.80913978422,36174.219374188666,36066.11142060314,36084.789361873096,409208794.282575,0.009872525278627472,0.0008084865104370971,0.009543907703032985,-0.0006914195341950113
1700618400000,36097.01051366066,36309.48626835022,36037.87278354821,36300.51474088572,328942308.06351703,-0.0004652661888404173,0.003732343703709529,-0.000783275399004943,0.005960492129378923
1700622000000,36297.532377694486,36392.49392291322,36260.14841943361,36391.67131509648,307521513.39381295,0.005539709730390998,0.0022835056325619415,0.006148891284129047,0.002508017076908966
1700625600000,36388.3726593618,36472.278539606166,36338.78633521497,36436.316188829405,334815976.33129495,0.0024995307939245028,0.002189937493322388,0.002166366401987629,0.001226036331785412
1700629200000,36430.18311417304,36489.462937602315,36351.51818739726,36359.58945703283,241389428.22366545,0.001148346296125277,0.00047105230675639824,0.0003503040026066894,-0.0021079965838205305
1700632800000,36371.89814548202,36557.545761652036,36371.89814548202,36528.77558525609,274036700.2821917,-0.0016011899697145893,0.0018640830056319963,0.0005604785816160435,0.004642344000286373
1700636400000,36527.94856738457,36573.97975542079,36455.720231520434,36459.381477388066,246316545.2180023,0.004281234249248887,0.00044943665345927936,0.00230193228668232,-0.001901517494622587
1700640000000,36453.72260829316,36565.923425041634,36418.31159863778,36563.940231495464,239818958.6033969,-0.0020340993427130573,-0.0002202991817437764,-0.001026665747153764,0.002863710472662644
1700643600000,36568.505191511475,36691.43556805126,36514.73991059072,36691.43556805126,303618625.2475645,0.0031437736484566155,0.003426611811970911,0.0026442981925363248,0.003480849395565403
1700647200000,36688.660794318144,36759.57216569788,36577.859754918885,36670.54945872187,344097929.1817041,0.003280381077761852,0.0018552942782790142,0.0017271204008961726,-0.0005693987120458862
1700650800000,36667.5888608773,36680.00352868524,36457.122727848386,36472.40090703321,331786790.32792634,-0.0005745095781061045,-0.0021669152468538956,-0.003306282358194608,-0.005418130809252637
1700654400000,36472.940421455605,36587.24953729816,36465.32268595136,36572.83149072086,280052120.0248693,-0.005322600229041803,-0.0025319371767655407,0.0002248953142206608,0.0027498207254568847
1700658000000,36569.292560165035,36646.34597481258,36476.26903510627,36614.57314644421,411726184.1435625,0.0026382598303433514,0.0016139163980322946,0.0003001401252373873,0.0011406787945628701
1700661600000,36611.23939578009,36649.902394809054,36314.2584239493,36404.74137390074,498236731.8468623,0.0011463934215248989,9.704234741539148e-05,-0.004451427523198767,-0.00574731087277754
1700665200000,36404.68877070218,36616.16229080879,36251.188444076746,36481.865700651004,591938421.3626343,-0.005657701853036808,-0.0009210295797972528,-0.0017382927681435538,0.0021162833236513636
1700668800000,36479.6899108218,36579.77505379617,36383.69149290359,36466.83759103987,397224182.56050706,0.0020580861893873073,-0.00099424206670812,0.003648472907911378,-0.00041201855949771633
1700672400000,36467.832734364805,36641.75341825886,36460.74617404919,36586.94632051815,332526613.5125536,-0.0003250878475774673,0.0016929004504019558,0.0021155962583627765,0.0032882304316020176
1700676000000,36588.15030956061,37226.38120593071,36572.306038577735,37200.76808653055,1193224568.6498365,0.003293848880384596,0.0158292881750308,0.0030550537850371367,0.016637889672903534
1700679600000,37203.309038213134,37427.4118776603,37130.01045252544,37299.48202479691,735166438.7519295,0.016673284011972482,0.005385691720270881,0.01513426132176602,0.002650031265356212
1700683200000,37306.471053925154,37644.70368157726,37239.58010065095,37644.70368157726,661025462.1670785,0.0027690883399113094,0.0057888980245080135,0.002946627152031366,0.009212832063854379
1700686800000,37642.44155171539,37856.71561656474,37559.99164234198,37644.712478307745,1010923586.1498654,0.008965380190172316,0.005616119384513979,0.008567254972607444,2.3367774471867713e-07
1700690400000,37632.3058483934,37771.50371492099,37397.32107031532,37458.20201517278,497591634.2965628,-0.00026929890124696227,-0.002253442920006503,-0.004340359106137275,-0.0049668071556018874
1700694000000,37457.89577860891,37491.56242013188,37266.33501128878,37427.186855520595,428888936.5114615,-0.00464535664156449,-0.007439042817271116,-0.0035087002239453237,-0.0008283367928859504
1700697600000,37422.19192685068,37536.044776213945,37311.27813731305,37322.32453177497,339836599.3955652,-0.0009536274744879847,0.0011857598277818793,0.0012052713828581056,-0.002805701083225076
1700701200000,37320.33770402287,37488.246872347845,37315.3477520169,37430.4665132344,253323024.553533,-0.0027254706625586,-0.0012741982438696112,0.00010906602460964494,0.0028933249284382586
1700704800000,37425.35948307817,37453.23078060289,37339.78697537722,37351.81957768998,252731047.55161414,0.0028101108724175716,-0.0009344916964496485,0.0006547231968052949,-0.002103358125320086
1700708400000,37359.11118198545,37388.49685421083,37271.47494447782,37308.95157580185,237426817.3276548,-0.0017717132402715575,-0.001729889049355869,-0.0018311458144438153,-0.0011483408471842304
1700712000000,37314.6878187253,37418.236857366166,37283.804358451554,37353.05401989715,190488008.98908696,-0.0011897980039898546,0.0007951157134281865,0.00033074556762185297,0.001181389352531609
1700715600000,37348.71657328181,37418.99889349368,37320.15534604038,37340.211681855944,146592572.96731612,0.0009115243857348263,2.0365159666594896e-05,0.0009745056592056114,-0.00034386870214062385
1700719200000,37338.88991052777,37340.02188413738,37280.56737822507,37281.78460537512,166478860.3995166,-0.0002631403862935583,-0.0021128430499739413,-0.0010613294371877606,-0.0015659481473926538
1700722800000,37286.86304177535,37387.88310570733,37285.909125867045,37380.08431273176,193276070.8093396,-0.0013943410987043478,0.001280946605442248,0.00014327477712648004,0.002633198594670124
1700726400000,37382.74210580373,37509.71971332462,37371.87321802387,37509.33373144167,272256795.05432767,0.0025680895602186622,0.0032534209507114773,0.0023028846410629122,0.0034517439289634974
1700730000000,37500.104062696024,37649.04429820649,37463.1347291933,37642.771549202494,273358463.42504877,0.003134551075217142,0.0037074783307971767,0.0024390070613695,0.003551143577157336
1700733600000,37649.03072731843,37649.373959654775,37462.812645806036,37470.18073029876,277043714.1558382,0.003963501642439243,8.756132091690447e-06,-8.59737910688785e-06,-0.0045955089610267615
1700737200000,37471.970397210775,37472.6634333057,37227.94900393378,37374.1374210453,540602443.5024775,-0.004714012202764119,-0.00470463417707928,-0.006288981683432644,-0.002566483718315785
1700740800000,37378.18239446749,37510.31919268725,37278.90688238986,37303.00060742936,384765004.09511846,-0.0025060216533646213,0.0010043815604111913,0.0013678710716048164,-0.0019051837553300142
1700744400000,37312.699585016126,37397.18620728167,37231.55760660017,37253.776226118775,295313172.1919399,-0.001753435613380268,-0.003020607102610284,-0.0012709431484026208,-0.001320453768348351
1700748000000,37249.59395866406,37308.43242159023,37152.94833621292,37209.416028400956,361474045.07030404,-0.001692695823062812,-0.0023760951071093972,-0.0021135933795620497,-0.0011914665923528642
1700751600000,37209.98410924962,37245.309912566205,36930.59684876066,36960.672652055415,570031146.1179997,-0.001063929025078792,-0.001693342872696642,-0.006002740677722089,-0.006707402224667986
1700755200000,36966.25357346271,37169.3683284533,36949.197179092786,37089.02714102246,367640186.10403806,-0.006571684425286189,-0.002041038469058359,0.000503529577197011,0.003466715405300797
1700758800000,37075.42523660619,37229.2587610677,37075.42523660619,37172.85872004919,255385228.11605477,0.002948926712969763,0.001609987923002111,0.0034104376555132345,0.002257729215048542
1700762400000,37174.53019032786,37293.417230926854,37174.53019032786,37265.53096777385,220236845.38318616,0.002669496890749695,0.0017218513655445768,0.002669496890749695,0.0024899059743531305
1700766000000,37262.556298636075,37326.452580145204,37197.713686740484,37287.448197190315,224766579.18015274,0.0023651153878629727,0.0008854304211536412,0.0006234448755336606,0.0005879638961006573
1700769600000,37289.69698683423,37374.81103030343,37283.59168273,37285.865563137486,188856617.23006395,0.0007280984330072025,0.0012947159010757196,0.0023060292410325904,-4.244505100457249e-05
1700773200000,37290.48545330946,37369.67430833622,37250.33878398609,37250.33878398609,164457653.18862715,2.114412835871554e-05,-0.0001374475174192626,-0.0008922889412101363,-0.0009532758517273849
1700776800000,37254.67391493181,37329.93664888811,37223.366229252264,37311.359112688086,115062617.07459109,-0.0009608012494994935,-0.0010639322665091631,-0.0007243511225437281,0.001636774484655806
1700780400000,37308.141051173705,37392.37381268548,37269.86988869909,37284.57379065652,192249674.26647067,0.0014341503987051311,0.0016711790077982012,0.0012485339048543926,-0.0007181443314729164
1700784000000,37307.79338929097,37341.113315183975,37262.11789230449,37293.79692881094,131029232.50037508,-9.318703447050235e-06,-0.0013718215892348678,-0.00020801797062827083,0.0002473408338761508
1700787600000,37307.55047001873,37498.973722718714,37304.7016697906,37398.28031389938,318605300.5163886,-6.511241781571507e-06,0.00421861192039336,0.001142164366551766,0.002797711808171159
1700791200000,37400.9336160779,37446.40885466353,37342.28541889387,37394.320764871474,162707039.18141916,0.002499935471481139,-0.0014027515736619238,0.0010069730539674939,-0.00010588076827094953
1700794800000,37388.89358376152,37422.106398505595,37323.069339122485,37330.10690298841,133958953.74655426,-0.00032196978843706403,-0.0006492036586890842,-0.000514725477644251,-0.0017186850322935012
1700798400000,37326.02107717979,37413.77520388717,37233.095992521696,37351.421092511744,129062347.65916553,-0.0016829978782010356,-0.00022265240882995646,-0.00241357344165027,0.0005708021963163273
1700802000000,37348.71846300771,37425.4998218154,37310.294648347684,37425.4998218154,125620267.62767123,0.0006078999850995346,0.00031332794231704093,0.0020712415349254613,0.0019813266615373725
1700805600000,37432.193462706746,37447.051860939915,37361.215732607154,37387.70326446586,132868053.9156835,0.0022325225039511614,0.000575699351374597,0.0013638693497169442,-0.0010104248717080684
1700809200000,37391.29119031116,37550.76710337533,37367.259556827186,37543.46939668823,257553873.96592936,-0.0010933004967488397,0.0027658219928033637,0.00016175424989750632,0.004157584915999576
1700812800000,37536.191272211894,37565.60631205688,37428.11303197757,37441.66313744961,270527108.9629785,0.003867746727211887,0.00039509918277118815,0.0016271992897778835,-0.00271537352410185
1700816400000,37444.42171514219,37705.3570538238,37439.090675577725,37613.93705406207,504610427.5600329,-0.0024478221565753097,0.003713275241768558,0.0002932564096211504,0.004590576018463872
1700820000000,37625.873060828795,37930.471105796474,37599.42405721091,37602.29515513323,919117629.6346592,0.004834181072392953,0.005952594746762955,0.004273368847997226,-0.00030955815466615573
1700823600000,37606.178981437966,37978.234692228536,37595.67833897003,37765.622526930296,1053623168.3150638,-0.000523555567236853,0.0012584483488024124,-9.962665451922381e-05,0.004334141966306162
1700827200000,37760.82909949942,37982.93806921217,37714.680974079056,37737.387098441504,658916230.123048,0.004103926613339963,0.00012383634477084983,0.0031603284127481625,-0.0007479285910621038
1700830800000,37706.4665572955,37865.63995409495,37663.163741696306,37786.973653994646,477431021.96179634,-0.0014406916567944455,-0.003092957354878125,-0.001366906697807068,0.0013131276368132092
1700834400000,37785.15452216994,37828.48164082349,37623.420996482055,37806.70390601038,417460568.98827296,0.002084681511583845,-0.0009818019014782168,-0.0010557723940881692,0.0005220080065054658
1700838000000,37809.25105259596,38419.221448223434,37809.25105259596,38222.746400635195,1708291482.829152,0.0006375215482929221,0.015495591441990078,0.004927054206032288,0.010944355001860202
1700841600000,38228.80383978041,38373.7336544729,37629.7908870394,37746.97317906366,1159368327.0217462,0.011035449172680335,-0.0011846867726295505,-0.004757762014692586,-0.012525502119915023
1700845200000,37749.28148252192,37926.78123807037,37701.362399556594,37865.33605381348,635449633.624776,-0.01262281675789541,-0.011715714614386922,0.0019001842114422355,0.0031307857842623344
1700848800000,37865.92757377663,37916.71784907902,37627.07548000348,37732.62759868752,443855434.62531567,0.0030852571919899557,-0.00026537248865175935,-0.001972347913392307,-0.003510903866527039
1700852400000,37731.70197810346,37813.00292128557,37641.96260088367,37791.13119422126,303586255.2349882,-0.0035510567597837025,-0.0027390829276135982,0.00039557091345639807,0.001549276894338605
1700856000000,37789.444947764256,37917.66291917564,37766.64687314896,37861.60673628687,283175512.74978244,0.0015291870757662084,0.002764007508973528,0.00330690054516621,0.0018631331629253357
1700859600000,37863.108895789264,37965.88847172507,37822.54130174811,37855.91764125299,292467351.73832315,0.0019474285417537462,0.001271041171849064,0.00147890035959288,-0.00015027155447439972
1700863200000,37852.45414034075,37870.30991462283,37703.35873371906,37716.38666120188,275520768.5517691,-0.00028144162419451054,-0.0025206592562024926,-0.0031560740594306054,-0.003692652748622747
1700866800000,37713.2814422266,37748.14748473444,37614.20831997602,37743.21809878737,236811973.47115594,-0.0036834910531958636,-0.0032310242860312324,-0.002367321698384062,0.0007111470780061263
1700870400000,37737.26669933305,37797.00700490815,37711.22055685936,37741.0194481909,183911752.23635337,0.0006357875059939332,0.0012935184874897378,0.0025758178072992004,-5.82545619733766e-05
1700874000000,37747.76322217539,37834.775643213456,37747.32722957729,37812.373063720726,145329344.0812946,0.00027810873019210497,0.0009987505284795712,0.0009569936483741453,0.0018888268116459576
1700877600000,37809.417312308105,37843.238933870016,37739.635763077815,37837.78363379084,150129429.00887454,0.0016319852959198148,0.0002236657697519711,-0.000203782645934262,0.0006717916296557661
1700881200000,37835.27606356116,37866.45548854767,37792.8481453192,37823.25041564791,182544834.0791299,0.0006836897898926856,0.0006133046918891097,0.0014089935426803322,-0.000384166526515349
1700884800000,37826.0045306369,37838.71566380253,37770.287623211145,37803.97970521038,112173333.69705176,-0.0002450799906599059,-0.0007328383402181705,-0.0005971304009277483,-0.0005096236057782074
1700888400000,37795.727043392224,37837.30027268568,37746.08234939781,37833.85138853485,136973641.22013327,-0.0008007615861827187,-3.7406597044095994e-05,-0.000641060333039371,0.0007898609583470973
1700892000000,37840.08915345064,37870.34019516798,37798.525200242744,37822.56072417149,98265126.96994382,0.0011730451888017778,0.0008728293307171048,0.0013883945120693605,-0.00029847210915472734
1700895600000,37830.45450731986,37852.81698536778,37758.74832353408,37830.106076100725,135758525.77048114,-0.00025464720396434595,-0.0004628230191515836,-0.0010528934814149544,0.0001994735221741026
1700899200000,37823.06903531982,37855.38845750243,37762.35339612446,37782.50756352651,108427788.45859523,-0.00019524462781527944,6.793113429624942e-05,9.547192800515636e-05,-0.0012590100135531099
1700902800000,37783.54549243329,37813.48156671484,37720.57114813771,37757.19914970024,135566732.96200183,-0.001045504992747097,-0.0011076389817549956,-0.001107065008579198,-0.0006700691828018437
1700906400000,37753.02397651231,37753.90876036712,37672.78481892438,37730.75853115288,171492050.80944964,-0.000808125595234341,-0.001576680587512184,-0.0012676537607206524,-0.0007005254994557819
1700910000000,37707.17139404946,37737.39386219999,37601.01503026785,37673.40428826606,195679845.51593152,-0.0012152788070849897,-0.00043753115542746605,-0.0019069001577750873,-0.0015212490080935904
1700913600000,37673.838921166665,37752.61298915674,37667.608126727806,37740.52848026094,109430738.5378354,-0.0008843732636614037,0.00040320905501861935,0.0017694787294463218,0.0017801540711847167
1700917200000,37741.02961138044,37771.93452609748,37659.738511313626,37744.58681262212,119548081.36557633,0.0017818955147595118,0.0005116624461302656,-0.00020894444830572476,0.00010752669183424934
1700920800000,37756.69508371475,37785.27120610401,37683.82958386236,37735.763033009825,109227003.95859757,0.0004149919119389748,0.00035302205834086625,0.0006394991365241785,-0.0002338033586365645
1700924400000,37701.62621897102,37760.86820753622,37642.09856121059,37722.006194871516,142412629.8271563,-0.0014595838754304477,-0.0006460422625417648,-0.0011080122860431748,-0.00036462350879152216
1700928000000,37730.94803607761,37817.88229675742,37718.643447022994,37766.69121591788,127579161.78002416,0.0007774312058949137,0.0015087335965670017,0.0020314267109301037,0.0011838865366125923
1700931600000,37765.88819124395,37860.44420122755,37752.160609225226,37792.09563836154,136224787.16502574,0.0009256058771973833,0.0011248110503263482,0.0008882153787786938,0.0006724412727781862
1700935200000,37793.570398557764,37851.511739208596,37778.238520368046,37837.38270521391,121986462.07206702,0.0007327264929892263,-0.00023595908861266454,0.0006905275883502292,0.0011976037189996213
1700938800000,37842.66854414594,37862.530059868484,37795.032937747565,37842.93486305862,105789643.41519369,0.0012982705954387053,0.0002910509193766248,0.00044445390101411085,0.000146726600338531
1700942400000,37842.32162557685,37903.59576935003,37784.05419217534,37812.08761015857,197252413.88234273,-9.167433815255325e-06,0.001084012493799933,-0.00029052337270419373,-0.0008154714280973273
1700946000000,37805.143220065605,37851.25833125785,37786.93672310266,37814.6900783199,99117417.6779111,-0.0009829386505017515,-0.001381758226338911,7.628670456239826e-05,6.882398647424031e-05
1700949600000,37818.911223779316,37818.911223779316,37722.63596032966,37745.07323507168,114613900.01370905,0.000364117051567275,-0.0008549500982767556,-0.0017031159369730999,-0.0018426966918444847
1700953200000,37743.97610960456,37830.541127882694,37743.65967905493,37801.03801404641,87415722.41672054,-0.001983384737780386,0.0003074682984070801,0.0005571684442976192,0.0014816060889701634
1700956800000,37801.45091885917,37811.29190171153,37756.370874790875,37760.57976044088,101971174.55110814,0.0015215962793359073,-0.000508957168691562,0.00033672028376148327,-0.0010708679528963069
1700960400000,37761.79112068284,37771.68638962027,37707.36004187947,37707.36004187947,127705862.47527014,-0.0010497114932500103,-0.001048000928555986,-0.0012989243761739652,-0.0014103930098770335
1700964000000,37706.07480042599,37768.82533610008,37690.494433418586,37760.26745769492,97662307.71394528,-0.0014765577295621614,-7.574885200527564e-05,-0.0004473763573127839,0.0014021223731598212
1700967600000,37754.47835475491,37771.329605648316,37735.381205241894,37750.01499799694,68164922.61696565,0.0012828838099793946,6.630300271652695e-05,0.0011902222345376908,-0.00027155135506203243
1700971200000,37753.64687459091,37781.239841461655,37711.417713806,37754.79218555439,92771231.29977168,-2.2023594454482162e-05,0.0002623401412473474,-0.000635242119879636,0.00012653995797143872
1700974800000,37776.537925182056,37805.60895572098,37756.92161568158,37793.650708451816,83115207.26334937,0.0006061431294706507,0.0006447977522922772,0.0012059072133887106,0.0010287048901517556
1700978400000,37791.93174896605,37806.03268744315,37739.11966686391,37803.5617116743,116722853.25160608,0.0004074139403194347,1.1208107983508521e-05,-0.0004715995393980122,0.00026220552218746894
1700982000000,37799.88149192573,37821.049761389615,37767.922513970494,37807.25022482041,86779945.88227023,0.00021033343818996431,0.000397134826773143,0.0007629182039642314,9.756575956722371e-05
1700985600000,37805.94903471652,37827.887133651464,37757.44028016212,37781.48835314639,110594763.94489712,0.00016050462673449357,0.00018076585239930313,-0.0002775818212023242,-0.0006816325594561672
1700989200000,37782.57608022434,37842.335713737746,37743.72030535962,37783.09792492322,80528540.94487488,-0.0006184260164239303,0.00038188285214938393,-0.0003634374583680746,4.2601219866366725e-05
1700992800000,37780.241717312354,37796.09023437742,37690.61089156217,37715.34735401411,117348854.99367616,-6.178602071140073e-05,-0.0012228040058481673,-0.0014080968633225193,-0.0017947545501098912
1700996400000,37717.664875131915,37758.61932666962,37688.67079295711,37697.021343565706,146724711.37627363,-0.001657711036899853,-0.0009918881562146766,-5.1475645883909816e-05,-0.0004860213550018354
1701000000000,37700.73228174113,37700.73228174113,37517.6373658203,37588.06694878569,508105208.73030066,-0.00044903085490050185,-0.0015342579826061649,-0.004548387660110387,-0.0028944502375770117
1701003600000,37641.93514802269,37644.17456507577,37423.37801504542,37529.35959050076,381298888.22140014,-0.0015607927794548484,-0.0015013019367940798,-0.002515562406043121,-0.0015630825746452315
1701007200000,37529.1741015478,37533.074801332994,37357.25921022698,37361.87177029823,434812534.36120665,-0.003000118853587687,-0.0029556772975868196,-0.0017683406962387166,-0.00447283604216123
1701010800000,37360.867450152306,37523.99254204237,37315.7190888767,37451.93870651088,335687825.84141815,-0.0044947747728910055,-0.000242009437789624,-0.001112587888725472,0.0024077634637482462
1701014400000,37451.302622817304,37517.21562044093,37183.32844934199,37235.118960607266,608170659.2125397,0.002417660565837647,-0.00018061867034937392,-0.003554160308709578,-0.005806102470052347
1701018000000,37236.19480201787,37331.976655158694,37167.92217819073,37288.40213281961,257237547.52059034,-0.005760225552938702,-0.004949668468944036,-0.00041441862084962063,0.001429969505199779
1701021600000,37287.59549911469,37333.52195015328,37182.49532853167,37249.67242041759,225670837.14503184,0.0013794442027127282,4.13924777485581e-05,0.0003920126077636783,-0.0010391928184240009
1701025200000,37249.43933987296,37406.95850356698,37244.108912796444,37401.44587132249,148322219.12526998,-0.0010238175601457666,0.001965108508805292,0.0016556874780987323,0.004066212630098761
1701028800000,37393.28626621184,37640.15166301169,37358.17913695358,37596.389270304026,358188734.963855,0.0038542832740181957,0.006214600654027672,0.0030580915421536898,0.005198652405313293
1701032400000,37597.23498044965,37647.08544507001,37485.92690468373,37629.74682373147,222844532.32093257,0.005439333230079977,0.00018419541861979712,0.0034137061298302337,0.0008868607998718207
1701036000000,37625.305918826656,37751.2115260803,37625.305918826656,37678.94040643523,237866946.44938567,0.000746343831103122,0.002762029154228228,0.0037112737704379684,0.0013064519250068393
1701039600000,37667.952099394395,37667.952099394395,37336.83523575769,37462.20245156339,415665806.0679607,0.0011328022256086201,-0.002207912591623323,-0.007696474583174593,-0.005768838420746414
1701043200000,37465.576885414564,37559.90618627533,37396.00260892427,37498.55709218311,221156857.05917162,-0.005387094314296892,-0.002872499360585462,0.0015834374081163376,0.000969964650606388
1701046800000,37501.63988039363,37573.89405344388,37487.31331759471,37505.174285035784,194934685.4145015,0.0009621004838286861,0.0003723455298555835,0.002438747611439319,0.0001764496978574081
1701050400000,37503.312965919285,37507.59205441311,37254.76741653473,37314.33272806567,304468011.0227223,4.461266789576983e-05,-0.0017661348942881673,-0.0062226432325261614,-0.0051013961054861045
1701054000000,37316.65914411274,37352.779708721384,37235.24526510856,37318.03868051536,286336251.7522037,-0.004989422042296738,-0.004136035201018146,-0.0005241548811800292,9.931219878966812e-05
1701057600000,37317.933721802816,37423.65721419105,37272.42926516427,37402.81290992733,193003388.1067854,3.4155145523196724e-05,0.001895718213186743,0.0009981254515643596,0.0022690926021638703
1701061200000,37391.251808776586,37408.606279678934,37315.537461997505,37316.58172442283,158142356.90731734,0.0019627602681194065,-0.00040225790353920265,0.0011559023130552754,-0.002308134968422533
1701064800000,37315.94737604845,37423.81249444465,37289.34236542042,37289.34236542042,199415333.974712,-0.0020159893304599018,0.0004064071487763069,-0.0007022355029363543,-0.0007302197659260068
1701068400000,37282.80136111538,37348.43106407385,37103.12483996381,37296.010560868934,449157800.7438367,-0.0008886480718630093,-0.0020162951470105626,-0.005006364794538639,0.0001788071036646767
1701072000000,37295.818709357976,37393.6509391909,37266.50018749275,37343.427672583275,231260725.35752624,0.0003490906204081422,0.0012100246453532288,0.004393611243368563,0.001270564709904613
1701075600000,37343.10184530672,37457.97930708825,37343.10184530672,37379.8510440424,273289594.28019404,0.0012669835502031673,0.0017188238525494214,0.0020534001694822615,0.0009748869420464515
1701079200000,37376.1722704433,37376.1722704433,37051.901054608985,37076.50295777274,559196771.3209103,0.0008851913428586445,-0.0021863565633592264,-0.007828544030071891,-0.008148391598454862
1701082800000,37094.691723155185,37148.67233183024,36989.272865280036,37048.177762724976,568831925.7295327,-0.007559517176418092,-0.006105363828862677,-0.0016917128929633861,-0.0007642581701843165
1701086400000,37047.74630124334,37104.74481070279,36922.69809176886,36979.85516132589,417143642.93970984,-0.0012663578224959417,-0.0011831785779685621,-0.0018014616753828667,-0.0018458580648279565
1701090000000,36980.73448944337,37030.62686289959,36821.610998381104,36952.492092068365,645932550.7048895,-0.0018104337516528846,-0.001999530610675475,-0.002741558174464234,-0.0007402191739739717
1701093600000,36952.085421427626,37004.72072388111,36765.94478266495,36794.98648873677,606082831.1415787,-0.0007750027520724427,-0.0006998316593418867,-0.0015129249978038575,-0.004271490926741751
1701097200000,36797.596622487,37044.70034472234,36761.87384251202,36761.87384251202,541097133.5536659,-0.00418955094121017,0.0010798092449321392,-0.00011073197146900929,-0.0009003279452758596
1701100800000,36760.09560962128,37075.579527297676,36752.43199225728,37072.83211977589,529035331.07806313,-0.0010196354718796045,0.0008332182343388133,-0.00025687110010590093,0.008423142253559283
1701104400000,37074.90441834828,37143.14227593164,36903.346253444935,36922.40988711734,442257144.052419,0.008527411559869831,0.001820639473575496,0.00409783118077434,-0.0040657327630174225
1701108000000,36924.70846119738,37072.51739701438,36894.85230687185,36983.67770012471,320641667.11373043,-0.004059377003665967,-0.0019032344534079318,-0.0002301938740049697,0.00165799135206969
1701111600000,36985.67116046649,37061.85086516537,36813.8185607986,36880.63465289468,397531956.89730805,0.0016496387491453442,-0.00028776213172537047,-0.0021987583758078144,-0.002790064939130751
1701115200000,36881.44869408646,36958.01878633911,36811.01876622364,36814.023401134706,279953126.8081658,-0.0028218924941489443,-0.0028055209343070143,-7.605570831680952e-05,-0.0018077638640146107
1701118800000,36817.40364776478,37038.78174067435,36798.165782829295,37026.86360442637,259307918.12258855,-0.0017380206179174905,0.0021828777955088473,-0.00034922227718487835,0.005764849296221377
1701122400000,37028.584026062905,37084.794782668214,36971.95670618093,37081.959301299335,123858622.23422633,0.0057194970407780325,0.0012415226048804288,0.0047116973376840725,0.0014868865774230185
1701126000000,37082.94533424917,37277.26381799869,37082.1593812133,37242.15714671741,355844228.55235994,0.0014670137940712602,0.005176550212467885,0.0029762763288477307,0.004310797118170304
1701129600000,37247.3208126778,37345.59903029027,37196.56867623545,37262.62586844427,319672163.3723589,0.004422848320155216,0.001831482438085205,0.003080542397276063,0.0005494606228882611
1701133200000,37265.897995720654,37270.378642281445,37172.84089684804,37199.87843154729,213069312.39950287,0.00049862786026005,-0.0020162012436595613,-0.0006381059182461592,-0.0016853435790023248
1701136800000,37200.077395673725,37207.373133238696,37128.12397202552,37180.513200266934,159541328.3394252,-0.0017678038014669127,-0.0016919287322940651,-0.0012036702430539804,-0.000520707979429966
1701140400000,37180.96362223593,37197.08574724869,37108.3837879419,37139.44140307493,146895502.74440628,-0.0005139420905364354,-0.00027652606336631407,-0.0005318187814735224,-0.001105269818648092
1701144000000,37134.54868660854,37147.84598692367,36984.83715269409,36995.43311581395,224019276.24123558,-0.0012491319839045237,-0.0013246301093110774,-0.003334900229249836,-0.0038850397826485582
1701147600000,36993.62197313854,37018.20291058994,36890.22579502756,36930.719045659185,323881720.31546676,-0.0038022490504839032,-0.0034960257504464487,-0.002561389611539271,-0.0017507765464010597
1701151200000,36921.2379537145,37116.31560265421,36905.664578958225,37114.99497721351,258238623.65325773,-0.001958578901038793,0.0026468843748723675,0.0004184185346274618,0.004977366061661726
1701154800000,37111.14171238042,37151.43289284097,37000.37007502606,37110.05014180195,244257905.54242438,0.005130300445405735,0.0009456942889849965,0.0025628637322739445,-0.00013323900068895546
1701158400000,37103.682235320506,37109.52850829989,36937.499816663134,36946.1752140058,236484475.3582751,-0.00020102391107984293,-0.0011285711415025949,-0.001700624419053577,-0.004425696678184922
1701162000000,36941.274896518364,37137.67763827635,36922.20272609101,37087.329331169116,223158207.25652382,-0.004386729509531522,0.0007582542909314512,-0.0004142202111358045,0.0038132542575925327
1701165600000,37091.56469072479,37105.89183110776,37019.42589821652,37105.89183110776,202516424.3839397,0.0040600901301778795,-0.000856257567835594,0.0026297291515769003,0.0005003826504675413
1701169200000,37104.86343267111,37254.160981568064,37092.906550097054,37251.36675458819,278714690.4128361,0.00035847391646996247,0.00398787632196571,0.00198295407878559,0.003912869082473913
1701172800000,37253.79847770829,37282.145399823305,37169.403079688585,37204.39304168433,267182224.24005342,0.00400586133136943,0.0007508936497858811,0.002060171762206665,-0.001261788725672074
1701176400000,37206.59303099287,37444.10281205368,37149.27918017761,37417.57133873527,353080969.8542544,-0.0012679345913480852,0.004334692820747116,-0.0005415569649752745,0.005713569154930883
1701180000000,37418.39764376847,37459.20406748585,37357.344349161096,37383.821423324065,342647935.1905413,0.005676521487149168,0.0004032199983121979,0.00558516008357057,-0.0009023874143302815
1701183600000,37386.06812429684,37552.13822339814,37332.373714100766,37531.00382102579,500284594.6417433,-0.0008643741026041002,0.0024778706959275084,-0.0006686498928682108,0.0039293313864631925
1701187200000,37532.29489290388,37925.5795222813,37529.83126535456,37883.25474906517,783819784.8506101,0.0039036345271309947,0.009895485908502429,0.005275238933029916,0.009341827300348618
1701190800000,37886.463648220604,38277.71433052977,37809.8484424092,38235.1955679165,805677299.0398728,0.009392129111139548,0.009242049704713639,0.007433492352084757,0.009247254123116938
1701194400000,38236.412129070755,38256.64545548168,37915.643504063984,38026.356616305864,740460241.059435,0.009194370090635631,-0.0005505729881119823,0.002794174795502138,-0.005476926909285249
1701198000000,38025.377533524384,38380.397535456614,38000.29435204516,38155.67000352516,944541735.2718464,-0.005534492047883348,0.003229565826325309,0.0022301215121772735,0.0033948561662671857
1701201600000,38150.23811066988,38325.100721280185,38096.61562171663,38266.182491735686,556147898.4060575,0.003278232487145041,-0.0014417955690863564,0.0025315435579697475,0.00289217184968477
1701205200000,38286.55341498633,38286.55341498633,37957.87235553813,37971.550430255396,384074970.47504795,0.0035667496269576925,-0.001006304066433439,-0.003648526833277053,-0.0077293360394551985
1701208800000,37975.674422328426,38056.874916931665,37833.31111187246,37874.943433361776,265770544.67896318,-0.008152940806849494,-0.006016999655848606,-0.003286961625742642,-0.0025474361230469534
1701212400000,37883.04871131336,37934.73576208721,37708.10900329061,37836.20789841525,435276817.6063659,-0.002442059481654963,-0.0032145458933733016,-0.003314796651507874,-0.0010232452589858832
1701216000000,37836.88863868609,37934.50116007913,37697.05347214324,37932.62518423643,308303738.0252448,-0.001219231815580632,-6.184377689809785e-06,-0.0002932300883293805,0.0025450395351621336
1701219600000,37939.355793451665,38086.00723064003,37939.355793451665,37958.88691608157,370168885.54707545,0.00270446808200758,0.003985931542887916,0.006407050586943515,0.0006920861679146229
1701223200000,37960.17966792397,37999.54624071062,37863.367262207925,37960.364320302026,272820710.1088366,0.000548722067090846,-0.0022727317657864976,-0.002004903086180637,3.892041074139525e-05
1701226800000,37954.22989015879,38027.79117496435,37923.65942122769,37960.270114985164,211174173.4842915,-0.00015674962927316642,0.0007430205111291345,0.0015910947922829952,-2.481678862790281e-06
1701230400000,37964.368721935236,37972.25358004012,37884.46857524126,37957.24840852128,157807272.72865945,0.00026709744442253224,-0.0014615150553945982,-0.0010339484831934592,-7.96049851009384e-05
1701234000000,37960.40845040972,38057.30003922363,37921.42551999758,38057.30003922363,170670482.89878657,-0.00010432092596380954,0.002237195685277323,0.0009750415353670694,0.002632435251485141
1701237600000,38061.41214801484,38217.66728232715,37989.52188395351,38194.233474471665,336285298.9828432,0.0026572306803821022,0.004204983234590757,0.0017941123000215148,0.003591628289665806
1701241200000,38193.22200185062,38200.62934673523,38093.16262872301,38166.95039609681,153927836.94582278,0.0034571009770854953,-0.0004459124745200434,0.002724425657149377,-0.0007145797944162618
